"tag_id","tag_text","tag_timestamp"
1,"right atrium","2012-12-14 11:15:33"
2,"right atrial appendage","2011-08-30 14:16:15"
3,"functional","2011-08-30 14:16:15"
4,"Heart0006","2011-08-30 14:16:15"
5,"video","2011-08-30 14:16:15"
6,"Heart0008","2011-08-30 14:16:15"
7,"still","2011-08-30 14:16:15"
8,"Heart0009","2011-08-30 14:16:15"
9,"Heart0013","2011-08-30 14:16:15"
10,"Heart0014","2011-08-30 14:16:15"
11,"Heart0015","2011-08-30 14:16:15"
12,"Heart0017","2011-08-30 14:16:15"
13,"Heart0023","2011-08-30 14:16:15"
14,"Heart0026","2011-08-30 14:16:15"
17,"Heart0048-1","2011-08-30 14:16:15"
18,"Heart0048-2","2011-08-30 14:16:15"
19,"Heart0049","2011-08-30 14:16:15"
20,"Heart0053","2011-08-30 14:16:15"
21,"Heart0058-1","2011-08-30 14:16:15"
22,"Heart0058-2","2011-08-30 14:16:15"
23,"Heart0073","2011-08-30 14:16:15"
24,"Heart0076","2011-08-30 14:16:15"
25,"Heart0077","2011-08-30 14:16:15"
26,"Heart0083-fib","2011-08-30 14:16:15"
27,"Heart0085-1","2011-08-30 14:16:15"
28,"Heart0085-2","2011-08-30 14:16:15"
29,"Heart0086","2011-08-30 14:16:15"
30,"Heart0120","2011-08-30 14:16:15"
31,"Heart0126","2011-08-30 14:16:15"
32,"Heart0136-1","2011-08-30 14:16:15"
33,"Heart0136-2","2011-08-30 14:16:15"
34,"perfusion","2011-08-30 14:16:15"
35,"Heart0005","2011-08-30 14:16:15"
36,"Heart0005-LW","2011-08-30 14:16:15"
37,"Heart0007","2011-08-30 14:16:15"
38,"Heart0016","2011-08-30 14:16:15"
39,"Heart0018-1","2011-08-30 14:16:15"
40,"Heart0018-2","2011-08-30 14:16:15"
41,"Heart0018-3","2011-08-30 14:16:15"
42,"Heart0019","2011-08-30 14:16:15"
43,"Heart0020","2011-08-30 14:16:15"
44,"Heart0022","2011-08-30 14:16:15"
45,"Heart0024","2011-08-30 14:16:15"
46,"sectioned","2011-08-30 14:16:15"
47,"Heart0000","2015-05-05 13:16:08"
48,"Heart0005-acute-margin","2011-08-30 14:16:15"
49,"Heart0010-Ant-Post","2011-08-30 14:16:15"
50,"Heart0010-Int-Ant-Post","2011-08-30 14:16:15"
51,"Heart0011","2011-08-30 14:16:15"
52,"Heart0013_ant_epi","2011-08-30 14:16:15"
53,"Heart0015-Ant","2011-08-30 14:16:15"
54,"Heart0015-Int-Right","2011-08-30 14:16:15"
55,"Heart0015-Post","2011-08-30 14:16:15"
56,"Heart0017_acute_margin","2011-08-30 14:16:15"
57,"Heart0020-Ant","2011-08-30 14:16:15"
58,"Heart0020-Right","2011-08-30 14:16:15"
59,"Heart0021-Ant","2011-08-30 14:16:15"
60,"Heart0021-Int-Right","2011-08-30 14:16:15"
61,"Heart0022-Ant-Int","2011-08-30 14:16:15"
62,"Heart0022-Left","2011-08-30 14:16:15"
63,"Heart0032-Ant-Post","2011-08-30 14:16:15"
64,"Heart0032-Int-Ant-Post","2011-08-30 14:16:15"
65,"Heart0035-Post","2011-08-30 14:16:15"
66,"Heart0035-Right","2011-08-30 14:16:15"
67,"Heart0036-Right","2011-08-30 14:16:15"
70,"Heart0042-Left","2011-08-30 14:16:15"
71,"Heart0044-Ant-Post","2011-08-30 14:16:15"
72,"Heart0044-Ant-Post-Int","2011-08-30 14:16:15"
73,"Heart0046-Ant","2011-08-30 14:16:15"
74,"Heart0048-Post","2011-08-30 14:16:15"
75,"Heart0048-Right","2011-08-30 14:16:15"
76,"Heart0050-Post","2011-08-30 14:16:15"
77,"Heart0050-Right","2011-08-30 14:16:15"
78,"Heart0051-Ant","2011-08-30 14:16:15"
79,"Heart0058-Ant-Post","2011-08-30 14:16:15"
80,"Heart0058-Int-Ant-Post","2011-08-30 14:16:15"
81,"coronary sinus ostium","2011-08-30 14:16:16"
82,"Heart0003","2011-08-30 14:16:16"
83,"Heart0009-ThV-1","2011-08-30 14:16:16"
84,"Heart0009-ThV-2","2011-08-30 14:16:16"
85,"Heart0011-1","2011-08-30 14:16:16"
86,"Heart0011-2","2011-08-30 14:16:16"
87,"Heart0011-3","2011-08-30 14:16:16"
88,"Heart0013-1","2011-08-30 14:16:16"
89,"Heart0013-2","2011-08-30 14:16:16"
90,"Heart0014-ThV","2011-08-30 14:16:16"
91,"Heart0037","2011-08-30 14:16:16"
92,"Heart0046","2011-08-30 14:16:16"
93,"Heart0049-ThV","2011-08-30 14:16:16"
94,"Heart0053-ThV","2011-08-30 14:16:16"
95,"Heart0073-ThV","2011-08-30 14:16:16"
96,"Heart0076-1","2011-08-30 14:16:16"
97,"Heart0076-2","2011-08-30 14:16:16"
98,"Heart0077-ThV","2011-08-30 14:16:16"
99,"Heart0083-1","2011-08-30 14:16:16"
100,"Heart0083-2","2011-08-30 14:16:16"
101,"Heart0085-3","2011-08-30 14:16:16"
102,"Heart0086-ThV","2011-08-30 14:16:16"
104,"Heart0136","2011-08-30 14:16:16"
105,"Heart0005-ThV","2011-08-30 14:16:16"
106,"Heart0007-1","2011-08-30 14:16:16"
107,"Heart0007-2","2011-08-30 14:16:16"
108,"Heart0016-1","2011-08-30 14:16:16"
109,"Heart0016-2","2011-08-30 14:16:16"
110,"Heart0019-1","2011-08-30 14:16:16"
111,"Heart0019-2","2011-08-30 14:16:16"
112,"Heart0022-1","2011-08-30 14:16:16"
113,"Heart0022-2","2011-08-30 14:16:16"
114,"Heart0024-1","2011-08-30 14:16:16"
115,"Heart0024-2","2011-08-30 14:16:16"
116,"Heart0005-obtuse-margin","2011-08-30 14:16:16"
117,"Heart0013_obtuse_margin_PFO","2011-08-30 14:16:16"
118,"Heart0013_post_epi","2011-08-30 14:16:16"
119,"Heart0013_RA_RV_PFO","2011-08-30 14:16:16"
120,"Heart0013_RA_RV_RAA_MB_APM_PPM","2011-08-30 14:16:16"
121,"crista terminalis","2011-08-30 14:16:16"
122,"Heart0048","2011-08-30 14:16:16"
123,"Heart0058","2011-08-30 14:16:16"
124,"Heart0005-L-1","2011-08-30 14:16:16"
125,"Heart0005-L-2","2011-08-30 14:16:16"
126,"Heart0005-L-3","2011-08-30 14:16:16"
127,"Heart0007-L","2011-08-30 14:16:16"
128,"Heart0018-L","2011-08-30 14:16:16"
129,"Heart0018-S","2011-08-30 14:16:16"
130,"Heart0019-L","2011-08-30 14:16:16"
131,"Heart0019-S","2011-08-30 14:16:16"
133,"Heart0005-2chamber-ant","2011-08-30 14:16:17"
134,"Heart0013_RA_FO","2011-08-30 14:16:17"
135,"Heart0013_RA_RAA_FW","2011-08-30 14:16:17"
136,"Heart0017_sections_3","2011-08-30 14:16:17"
137,"fossa ovalis","2011-08-30 14:16:17"
140,"Heart0083","2011-08-30 14:16:17"
141,"Heart0016-lit","2011-08-30 14:16:17"
142,"Heart0018-4","2011-08-30 14:16:17"
143,"Heart0018-5","2011-08-30 14:16:17"
144,"Heart0018-lit-1","2011-08-30 14:16:17"
145,"Heart0018-lit-2","2011-08-30 14:16:17"
146,"Heart0020-1","2011-08-30 14:16:17"
147,"Heart0020-2","2011-08-30 14:16:17"
148,"Heart0020-lit","2011-08-30 14:16:17"
149,"Heart0022-lit-1","2011-08-30 14:16:17"
150,"Heart0022-lit-2","2011-08-30 14:16:17"
151,"Heart0022-lit-3","2011-08-30 14:16:17"
152,"Heart0024-lit-1","2011-08-30 14:16:17"
153,"Heart0024-lit-2","2011-08-30 14:16:17"
154,"Heart0019-lit","2011-08-30 14:16:17"
155,"Heart0013_RA_PFO","2011-08-30 14:16:17"
156,"inferior vena cava ostium","2011-08-30 14:16:17"
157,"Heart0014-ER","2011-08-30 14:16:17"
158,"Heart0018-ER","2011-08-30 14:16:17"
159,"Heart0021-Post","2011-08-30 14:16:17"
160,"Heart0022-Post","2011-08-30 14:16:17"
161,"interatrial septum","2011-08-30 14:16:18"
162,"Heart0005-Low","2011-08-30 14:16:18"
163,"Heart0007-High","2011-08-30 14:16:18"
164,"Heart0007-Low","2011-08-30 14:16:18"
165,"Heart0016-High","2011-08-30 14:16:18"
166,"Heart0018-High","2011-08-30 14:16:18"
167,"Heart0018-Low","2011-08-30 14:16:18"
168,"Heart0019-High","2011-08-30 14:16:18"
169,"Heart0019-Low","2011-08-30 14:16:18"
170,"Heart0020-High","2011-08-30 14:16:18"
171,"Heart0020-Low","2011-08-30 14:16:18"
172,"Heart0022-High","2011-08-30 14:16:18"
173,"Heart0022-Low","2011-08-30 14:16:18"
174,"Heart0024-High","2011-08-30 14:16:18"
175,"Heart0024-Low","2011-08-30 14:16:18"
176,"Heart0005-4chamber","2011-08-30 14:16:18"
177,"lateral wall","2014-07-10 15:14:17"
178,"Heart0003-1","2011-08-30 14:16:18"
179,"Heart0003-2","2011-08-30 14:16:18"
180,"Heart0003-3","2011-08-30 14:16:18"
181,"Heart0017-AW","2011-08-30 14:16:18"
182,"Heart0007-AW-App","2011-08-30 14:16:18"
183,"Heart0018","2011-08-30 14:16:18"
184,"Heart0022-3","2011-08-30 14:16:18"
185,"Heart0005-4chamber-av-valves","2011-08-30 14:16:18"
186,"triangle of koch","2011-08-30 14:16:18"
189,"Heart0016-TV","2011-08-30 14:16:19"
190,"tricuspid valve","2011-08-30 14:16:19"
191,"Heart0002","2011-08-30 14:16:19"
192,"Heart0009-1","2011-08-30 14:16:19"
193,"Heart0009-2","2011-08-30 14:16:19"
194,"Heart0023-1","2011-08-30 14:16:19"
195,"Heart0023-2","2011-08-30 14:16:19"
196,"Heart0049-1","2011-08-30 14:16:19"
197,"Heart0049-2","2011-08-30 14:16:19"
198,"Heart0053-1","2011-08-30 14:16:19"
199,"Heart0086-1","2011-08-30 14:16:19"
200,"Heart0086-2","2011-08-30 14:16:19"
201,"Heart0053-2","2011-08-30 14:16:19"
202,"Heart0005-2chamber-post","2011-08-30 14:16:19"
203,"Heart0017_sections_2","2011-08-30 14:16:19"
204,"right ventricle","2011-08-30 14:16:19"
205,"apex","2011-08-30 14:16:19"
206,"Heart0049-3","2011-08-30 14:16:19"
207,"Heart0077-1","2011-08-30 14:16:20"
208,"Heart0077-2","2011-08-30 14:16:20"
209,"Heart0005-Trab-1","2011-08-30 14:16:20"
210,"Heart0005-Trab-2","2011-08-30 14:16:20"
211,"inflow tract","2011-08-30 14:16:20"
212,"Heart0005-HIS","2011-08-30 14:16:20"
213,"Heart0005-LW-AW","2011-08-30 14:16:20"
214,"Heart0005-SW","2011-08-30 14:16:20"
215,"Heart0007-AW","2011-08-30 14:16:20"
216,"Heart0007-HIS","2011-08-30 14:16:20"
217,"Heart0007-SW","2011-08-30 14:16:20"
218,"Heart0016-HIS","2011-08-30 14:16:20"
219,"Heart0016-LW","2011-08-30 14:16:20"
220,"Heart0016-SW","2011-08-30 14:16:20"
221,"Heart0018-HIS","2011-08-30 14:16:20"
222,"Heart0018-SW","2011-08-30 14:16:20"
223,"Heart0019-HIS","2011-08-30 14:16:20"
224,"Heart0019-SW","2011-08-30 14:16:20"
225,"Heart0020-HIS","2011-08-30 14:16:20"
226,"Heart0020-LW-AW","2011-08-30 14:16:20"
227,"Heart0020-SW","2011-08-30 14:16:20"
228,"Heart0022-HIS","2011-08-30 14:16:20"
229,"Heart0022-SW","2011-08-30 14:16:20"
230,"Heart0024-HIS","2011-08-30 14:16:20"
231,"Heart0024-LW-AW","2011-08-30 14:16:20"
232,"Heart0024-SW","2011-08-30 14:16:20"
233,"moderator band","2011-08-30 14:16:20"
234,"Heart0005-4chamber-vent","2011-08-30 14:16:21"
235,"papillary muscles","2011-08-30 14:16:21"
236,"Heart0003-Anterior","2011-08-30 14:16:21"
237,"Heart0009-Anterior","2011-08-30 14:16:21"
238,"Heart0009-Posterior","2011-08-30 14:16:21"
239,"Heart0009-Septal","2011-08-30 14:16:21"
240,"Heart0009-Septal-Posterior","2011-08-30 14:16:21"
241,"Heart0011-Septal","2011-08-30 14:16:21"
242,"Heart0013-Anterior","2011-08-30 14:16:21"
243,"Heart0014-Anterior","2011-08-30 14:16:21"
244,"Heart0014-Anterior-FW","2011-08-30 14:16:21"
245,"Heart0014-Septal","2011-08-30 14:16:21"
246,"Heart0014-Septal-SW","2011-08-30 14:16:21"
247,"Heart0015-Anterior","2011-08-30 14:16:21"
248,"Heart0015-Anterior-2","2011-08-30 14:16:21"
249,"Heart0015-Septal","2011-08-30 14:16:21"
250,"Heart0017-Septal","2011-08-30 14:16:21"
251,"Heart0023-Anterior","2011-08-30 14:16:21"
252,"Heart0023-Posterior","2011-08-30 14:16:21"
253,"Heart0023-Septal","2011-08-30 14:16:21"
257,"Heart0046-Anterior","2011-08-30 14:16:21"
258,"Heart0046-Posterior","2011-08-30 14:16:21"
259,"Heart0048-Posterior","2011-08-30 14:16:21"
260,"Heart0048-Septal-1","2011-08-30 14:16:21"
261,"Heart0048-Septal-2","2011-08-30 14:16:21"
262,"Heart0049-Anterior-Posterior","2011-08-30 14:16:21"
263,"Heart0049-Posterior","2011-08-30 14:16:21"
264,"Heart0049-Septal-1","2011-08-30 14:16:21"
265,"Heart0049-Septal-2","2011-08-30 14:16:21"
266,"Heart0053-Anterior-1","2011-08-30 14:16:21"
267,"Heart0053-Anterior-2","2011-08-30 14:16:21"
268,"Heart0053-Posterior","2011-08-30 14:16:21"
269,"Heart0058-Anterior-1","2011-08-30 14:16:21"
270,"Heart0058-Anterior-2","2011-08-30 14:16:21"
271,"Heart0058-Posterior","2011-08-30 14:16:21"
272,"Heart0058-Septal","2011-08-30 14:16:21"
273,"Heart0073-Anterior","2011-08-30 14:16:21"
274,"Heart0073-Posterior","2011-08-30 14:16:21"
275,"Heart0073-Septal","2011-08-30 14:16:21"
276,"Heart0076-Anterior","2011-08-30 14:16:21"
277,"Heart0076-Posterior","2011-08-30 14:16:21"
278,"Heart0077-Anterior","2011-08-30 14:16:21"
279,"Heart0077-Posterior","2011-08-30 14:16:21"
280,"Heart0077-Septal","2011-08-30 14:16:21"
281,"Heart0083-Anterior","2011-08-30 14:16:21"
282,"Heart0083-Septal","2011-08-30 14:16:21"
283,"Heart0086-Anterior-1","2011-08-30 14:16:21"
284,"Heart0086-Anterior-2","2011-08-30 14:16:21"
285,"Heart0005-Anterior","2011-08-30 14:16:21"
286,"Heart0005-Posterior","2011-08-30 14:16:21"
287,"Heart0005-Septal","2011-08-30 14:16:21"
288,"Heart0007-Anterior","2011-08-30 14:16:21"
289,"Heart0007-Posterior","2011-08-30 14:16:21"
290,"Heart0007-Septal","2011-08-30 14:16:21"
291,"Heart0016-Anterior","2011-08-30 14:16:21"
292,"Heart0016-Posterior","2011-08-30 14:16:21"
293,"Heart0016-Septal","2011-08-30 14:16:21"
294,"Heart0018-Anterior","2011-08-30 14:16:21"
295,"Heart0018-Posterior","2011-08-30 14:16:21"
296,"Heart0018-Septal","2011-08-30 14:16:21"
297,"Heart0019-Anterior","2011-08-30 14:16:21"
298,"Heart0019-Posterior","2011-08-30 14:16:21"
299,"Heart0019-Septal-1","2011-08-30 14:16:21"
300,"Heart0019-Septal-2","2011-08-30 14:16:21"
301,"Heart0020-Anterior","2011-08-30 14:16:21"
302,"Heart0020-Septal","2011-08-30 14:16:21"
303,"Heart0022-Posterior","2011-08-30 14:16:21"
304,"Heart0022-Septal","2011-08-30 14:16:21"
305,"Heart0024-Anterior","2011-08-30 14:16:21"
306,"Heart0024-Posterior","2011-08-30 14:16:21"
307,"Heart0024-Septal-1","2011-08-30 14:16:21"
308,"Heart0024-Septal-2","2011-08-30 14:16:22"
309,"Heart0013_RV_RA_tricuspidvalve","2011-08-30 14:16:22"
311,"rvot","2011-08-30 14:16:22"
312,"Heart0046-1","2011-08-30 14:16:22"
313,"Heart0046-2","2011-08-30 14:16:22"
314,"Heart0048-3","2011-08-30 14:16:22"
315,"Heart0005-HF","2011-08-30 14:16:22"
316,"Heart0005-HS","2011-08-30 14:16:22"
317,"Heart0005-HS-HF","2011-08-30 14:16:22"
318,"Heart0005-LF","2011-08-30 14:16:22"
319,"Heart0005-LS","2011-08-30 14:16:22"
320,"Heart0005-LS-LF","2011-08-30 14:16:22"
321,"Heart0007-HF","2011-08-30 14:16:22"
322,"Heart0007-HS","2011-08-30 14:16:22"
323,"Heart0007-LF","2011-08-30 14:16:22"
324,"Heart0007-LS","2011-08-30 14:16:22"
325,"Heart0007-LS-LF","2011-08-30 14:16:22"
326,"Heart0016-HF","2011-08-30 14:16:22"
327,"Heart0016-HS","2011-08-30 14:16:22"
328,"Heart0016-LF","2011-08-30 14:16:22"
329,"Heart0016-LS","2011-08-30 14:16:22"
330,"Heart0018-HS","2011-08-30 14:16:22"
331,"Heart0018-LF","2011-08-30 14:16:22"
332,"Heart0019-HF","2011-08-30 14:16:22"
333,"Heart0019-LF","2011-08-30 14:16:22"
334,"Heart0019-LS","2011-08-30 14:16:22"
335,"Heart0020-HF","2011-08-30 14:16:22"
336,"Heart0020-HS","2011-08-30 14:16:22"
337,"Heart0020-LF","2011-08-30 14:16:22"
338,"Heart0020-LS-LF","2011-08-30 14:16:22"
339,"Heart0022-HF","2011-08-30 14:16:22"
340,"Heart0022-PV","2011-08-30 14:16:22"
341,"Heart0024-HF","2011-08-30 14:16:22"
342,"Heart0024-HS","2011-08-30 14:16:22"
343,"Heart0024-LF","2011-08-30 14:16:22"
344,"Heart0024-LS-1","2011-08-30 14:16:22"
345,"Heart0018-LS","2011-08-30 14:16:22"
346,"Heart0019-HS","2011-08-30 14:16:22"
347,"Heart0020-LS","2011-08-30 14:16:22"
348,"Heart0022-HS","2011-08-30 14:16:22"
349,"Heart0022-LF","2011-08-30 14:16:22"
350,"Heart0022-LS","2011-08-30 14:16:22"
351,"Heart0024-LS-2","2011-08-30 14:16:22"
352,"Heart0004","2011-08-30 14:16:23"
353,"pulmonary artery","2011-08-30 14:16:23"
354,"pulmonary trunk","2011-08-30 14:16:23"
355,"Heart0021-Int-LV","2011-08-30 14:16:23"
356,"Heart0035-Ant","2011-08-30 14:16:23"
357,"Heart0035-Left","2011-08-30 14:16:23"
359,"Heart0046-Left","2011-08-30 14:16:23"
360,"Heart0050-Left","2011-08-30 14:16:23"
361,"Heart0051-Left","2011-08-30 14:16:23"
362,"pulmonary valve","2011-08-30 14:16:24"
363,"Heart0085","2011-08-30 14:16:24"
364,"Heart0016-RVOT","2011-08-30 14:16:24"
365,"Heart0019-RVOT","2011-08-30 14:16:24"
366,"Heart0020-RVOT","2011-08-30 14:16:24"
367,"Heart0022-RVOT","2011-08-30 14:16:24"
368,"Heart0024-RVOT","2011-08-30 14:16:24"
369,"left atrium","2011-08-30 14:16:24"
371,"Heart0006-1","2011-08-30 14:16:24"
372,"Heart0006-2","2011-08-30 14:16:24"
373,"left atrial appendage","2011-08-30 14:16:24"
374,"Heart0005-1","2011-08-30 14:16:24"
375,"Heart0005-2","2011-08-30 14:16:24"
376,"Heart0005-3","2011-08-30 14:16:24"
377,"Heart0007-3","2011-08-30 14:16:24"
378,"Heart0016-3","2011-08-30 14:16:25"
379,"Heart0019-3","2011-08-30 14:16:25"
380,"Heart0020-3","2011-08-30 14:16:25"
381,"Heart0017_obtuse_margin","2011-08-30 14:16:25"
382,"Heart0032-Left","2011-08-30 14:16:25"
383,"Heart0036-Post","2011-08-30 14:16:25"
384,"mitral valve","2011-08-30 14:16:25"
385,"pulmonary vein ostia","2011-08-30 14:16:25"
386,"Heart0017-1","2011-08-30 14:16:25"
387,"Heart0017-2","2011-08-30 14:16:25"
388,"Heart0007-left","2011-08-30 14:16:25"
389,"left ventricle","2011-08-30 14:16:26"
390,"aortic valve","2011-08-30 14:16:26"
391,"Heart0046-3","2011-08-30 14:16:26"
393,"Heart0136-Mitral","2011-08-30 14:16:26"
395,"Heart0020-trab","2011-08-30 14:16:26"
396,"Heart0005-post-ext-peric","2011-08-30 14:16:26"
397,"Heart0015-Int-LV","2011-08-30 14:16:26"
398,"Heart0051-Post","2011-08-30 14:16:26"
399,"Heart0019-AW","2011-08-30 14:16:27"
400,"left ventricle bands","2011-08-30 14:16:27"
401,"Heart0053-3","2011-08-30 14:16:27"
402,"Heart0073-2","2011-08-30 14:16:27"
403,"Heart0073-1","2011-08-30 14:16:27"
405,"Heart0136-Aortic","2011-08-30 14:16:27"
406,"Heart0014-Posterior","2011-08-30 14:16:28"
407,"Heart0015-Posterior","2011-08-30 14:16:28"
408,"Heart0017-Anterior","2011-08-30 14:16:28"
409,"Heart0017-Posterior","2011-08-30 14:16:28"
410,"Heart0023-Posterior-Anterior","2011-08-30 14:16:28"
411,"Heart0026-Posterior","2011-08-30 14:16:28"
412,"Heart0058-Anterior","2011-08-30 14:16:28"
413,"Heart0083-Posterior","2011-08-30 14:16:28"
414,"Heart0085-Anterior","2011-08-30 14:16:28"
415,"Heart0085-Posterior-1","2011-08-30 14:16:28"
416,"Heart0085-Posterior-2","2011-08-30 14:16:28"
418,"Heart0136-Anterior-Posterior","2011-08-30 14:16:28"
419,"Heart0005-Anterior-1","2011-08-30 14:16:28"
420,"Heart0005-Anterior-2","2011-08-30 14:16:28"
421,"Heart0005-Posterior-1","2011-08-30 14:16:28"
422,"Heart0005-Posterior-2","2011-08-30 14:16:28"
423,"Heart0018-Anterior-1","2011-08-30 14:16:28"
424,"Heart0018-Anterior-2","2011-08-30 14:16:28"
425,"Heart0018-Posterior-1","2011-08-30 14:16:28"
426,"Heart0018-Posterior-2","2011-08-30 14:16:28"
427,"Heart0020-Anterior-Posterior","2011-08-30 14:16:28"
428,"Heart0020-Posterior","2011-08-30 14:16:28"
429,"Heart0022-Anterior","2011-08-30 14:16:28"
430,"Heart0022-Posterior-Anterior","2011-08-30 14:16:28"
431,"Heart0024-Posterior-Anterior","2011-08-30 14:16:28"
432,"Heart0017_sections_1","2011-08-30 14:16:28"
433,"interventricular septum","2011-08-30 14:16:28"
434,"aorta","2011-08-30 14:16:29"
435,"Heart0120-1","2011-08-30 14:16:29"
436,"Heart0120-2","2011-08-30 14:16:29"
437,"Heart0136-Left Ostia","2011-08-30 14:16:29"
438,"ascending aorta","2011-08-30 14:16:29"
439,"Heart0042-Right","2011-08-30 14:16:29"
440,"coronary artery ostia","2011-08-30 14:16:29"
441,"Heart0002-Right","2011-08-30 14:16:29"
442,"Heart0002-Right-Left","2011-08-30 14:16:29"
443,"Heart0014-Left","2011-08-30 14:16:29"
444,"Heart0014-Right","2011-08-30 14:16:29"
445,"Heart0023-Left","2011-08-30 14:16:30"
446,"Heart0023-Left-Right","2011-08-30 14:16:30"
447,"Heart0023-Right","2011-08-30 14:16:30"
448,"Heart0048-Left","2011-08-30 14:16:30"
449,"Heart0049-Right-Left","2011-08-30 14:16:30"
450,"Heart0053-Left","2011-08-30 14:16:30"
451,"Heart0053-Right","2011-08-30 14:16:30"
452,"Heart0058-Left","2011-08-30 14:16:30"
453,"Heart0058-Right","2011-08-30 14:16:30"
454,"Heart0076-Left","2011-08-30 14:16:30"
455,"Heart0076-Right","2011-08-30 14:16:30"
456,"Heart0077-Left-1","2011-08-30 14:16:30"
457,"Heart0077-Left-2","2011-08-30 14:16:30"
458,"Heart0077-Right","2011-08-30 14:16:30"
459,"Heart0083-Left","2011-08-30 14:16:30"
460,"Heart0083-Right","2011-08-30 14:16:30"
461,"Heart0086-Left","2011-08-30 14:16:30"
462,"Heart0002-Left","2011-08-30 14:16:30"
463,"Heart0086-Left-Right","2011-08-30 14:16:30"
464,"Heart0086-Right","2011-08-30 14:16:30"
465,"Heart0005-Left","2011-08-30 14:16:30"
466,"Heart0005-Right","2011-08-30 14:16:30"
467,"Heart0005-Right-Left","2011-08-30 14:16:30"
468,"Heart0007-Right","2011-08-30 14:16:30"
469,"Heart0016-Left","2011-08-30 14:16:30"
470,"Heart0016-Right","2011-08-30 14:16:30"
471,"Heart0018-Left","2011-08-30 14:16:30"
472,"Heart0018-Right","2011-08-30 14:16:30"
473,"Heart0019-Left","2011-08-30 14:16:30"
474,"Heart0019-Right","2011-08-30 14:16:30"
475,"Heart0020-Left","2011-08-30 14:16:30"
476,"Heart0022-Right","2011-08-30 14:16:30"
477,"Heart0024-Left","2011-08-30 14:16:30"
478,"Heart0024-Right","2011-08-30 14:16:30"
479,"Heart0013_LV_AV","2011-08-30 14:16:30"
480,"coronary arteries","2011-08-30 14:16:30"
481,"right coronary artery","2011-08-30 14:16:30"
482,"left coronary artery","2011-08-30 14:16:30"
483,"cardiac veins","2011-08-30 14:16:31"
484,"coronary sinus","2011-08-30 14:16:31"
485,"Heart0015-1","2011-08-30 14:16:31"
486,"Heart0015-2","2011-08-30 14:16:31"
487,"posterior interventricular vein","2011-08-30 14:16:31"
488,"Heart0076-3","2011-08-30 14:16:31"
489,"Heart0076-4","2011-08-30 14:16:31"
490,"Heart0076-5","2011-08-30 14:16:31"
491,"Heart0086-3","2011-08-30 14:16:31"
492,"posterior vein of the left ventricle","2011-08-30 14:16:31"
493,"great cardiac vein","2011-08-30 14:16:32"
495,"external images","2011-08-30 14:16:32"
496,"anterior","2011-08-30 14:16:32"
497,"surfanth","2011-08-30 14:16:32"
498,"fresh","2011-08-30 14:16:32"
499,"ratrium1h","2011-08-30 14:16:32"
500,"Heart0132","2011-08-30 14:16:32"
501,"Heart0133","2011-08-30 14:16:32"
502,"Heart0134","2011-08-30 14:16:32"
503,"Heart0135","2011-08-30 14:16:32"
504,"Heart0137","2011-08-30 14:16:32"
505,"Heart0138","2011-08-30 14:16:32"
506,"Heart0139","2011-08-30 14:16:32"
507,"Heart0140","2011-08-30 14:16:32"
508,"Heart0141","2011-08-30 14:16:32"
509,"Heart0142","2011-08-30 14:16:32"
510,"Heart0143","2011-08-30 14:16:32"
511,"Heart0144","2011-08-30 14:16:32"
512,"Heart0145","2011-08-30 14:16:32"
513,"Heart0146","2011-08-30 14:16:32"
514,"Heart0147","2011-08-30 14:16:32"
515,"Heart0148","2011-08-30 14:16:32"
516,"Heart0058-3","2011-08-30 14:16:32"
517,"Heart0077-3","2011-08-30 14:16:32"
518,"Heart0077-4","2011-08-30 14:16:32"
519,"Heart0083-3","2011-08-30 14:16:32"
520,"cad1h","2011-08-30 14:16:32"
521,"cad2h","2011-08-30 14:16:32"
522,"raappendh","2011-08-30 14:16:32"
523,"ratrium2h","2011-08-30 14:16:32"
524,"Heart0005-ant-ext","2011-08-30 14:16:32"
525,"Heart0005-ant-ext-2","2011-08-30 14:16:32"
526,"Heart0005-ant-ext-peric","2011-08-30 14:16:32"
527,"Heart0005-ext-aorta","2011-08-30 14:16:32"
528,"Heart0017_ant_ext","2011-08-30 14:16:32"
529,"Heart0034","2011-08-30 14:16:32"
530,"Heart0035","2011-08-30 14:16:32"
531,"Heart0042","2011-08-30 14:16:32"
532,"Heart0047","2011-08-30 14:16:32"
533,"Heart0050","2011-08-30 14:16:32"
534,"Heart0052","2011-08-30 14:16:33"
535,"Heart0054","2011-08-30 14:16:33"
536,"Heart0055","2011-08-30 14:16:33"
537,"Heart0056","2011-08-30 14:16:33"
538,"Heart0057","2011-08-30 14:16:33"
539,"Heart0060","2011-08-30 14:16:33"
540,"Heart0061","2011-08-30 14:16:33"
541,"Heart0062","2011-08-30 14:16:33"
542,"Heart0064","2011-08-30 14:16:33"
543,"Heart0070","2011-08-30 14:16:33"
544,"Heart0071","2011-08-30 14:16:33"
545,"Heart0072","2011-08-30 14:16:33"
546,"Heart0149","2011-08-30 14:16:33"
547,"Heart0150","2011-08-30 14:16:33"
548,"Heart0151","2011-08-30 14:16:33"
549,"Heart0155","2011-08-30 14:16:33"
550,"Heart0156","2011-08-30 14:16:33"
551,"Heart0157","2011-08-30 14:16:33"
552,"Heart0158","2011-08-30 14:16:33"
553,"Heart0160","2011-08-30 14:16:33"
554,"Heart0161","2011-08-30 14:16:33"
555,"Heart0162","2011-08-30 14:16:33"
556,"Heart0166","2011-08-30 14:16:33"
557,"Heart0168","2011-08-30 14:16:33"
558,"posterior","2011-08-30 14:16:33"
559,"surfposh","2011-08-30 14:16:33"
560,"cad3h","2011-08-30 14:16:33"
561,"Heart0005-post-ext","2011-08-30 14:16:33"
562,"Heart0017_post_ext_2","2011-08-30 14:16:33"
563,"Heart0017_post_ext","2011-08-30 14:16:33"
564,"Heart0042-Post","2011-08-30 14:16:33"
565,"Heart0065","2011-08-30 14:16:33"
566,"right margin","2011-08-30 14:16:34"
567,"left margin","2011-08-30 14:16:34"
568,"cardiac mri","2011-08-30 14:16:34"
569,"short axis valve","2011-08-30 14:16:34"
570,"Heart0051","2011-08-30 14:16:34"
571,"Heart0059","2011-08-30 14:16:34"
572,"Heart0063","2011-08-30 14:16:34"
573,"Heart0069","2011-08-30 14:16:34"
574,"Heart0074","2011-08-30 14:16:34"
575,"Heart0075","2011-08-30 14:16:34"
576,"Heart0078","2011-08-30 14:16:34"
577,"Heart0084","2011-08-30 14:16:34"
578,"Heart0088","2011-08-30 14:16:34"
579,"Heart0089","2011-08-30 14:16:34"
580,"Heart0090","2011-08-30 14:16:34"
581,"Heart0092","2011-08-30 14:16:34"
582,"Heart0093","2011-08-30 14:16:34"
583,"Heart0094","2011-08-30 14:16:34"
584,"Heart0096","2011-08-30 14:16:34"
585,"Heart0097","2011-08-30 14:16:34"
586,"Heart0102","2011-08-30 14:16:34"
587,"Heart0108","2011-08-30 14:16:34"
588,"Heart0109","2011-08-30 14:16:34"
589,"Heart0110","2011-08-30 14:16:34"
590,"Heart0111","2011-08-30 14:16:34"
591,"Heart0112","2011-08-30 14:16:34"
592,"Heart0118","2011-08-30 14:16:34"
593,"Heart0119","2011-08-30 14:16:34"
594,"Heart0121","2011-08-30 14:16:34"
595,"Heart0125","2011-08-30 14:16:34"
596,"Heart0130","2011-08-30 14:16:34"
597,"Heart0131","2011-08-30 14:16:34"
598,"Heart0153","2011-08-30 14:16:34"
599,"short axis ventricle","2011-08-30 14:16:35"
600,"four chamber","2011-08-30 14:16:35"
601,"two chamber left","2011-08-30 14:16:36"
602,"two chamber right","2011-08-30 14:16:37"
603,"short axis stack","2011-08-30 14:16:37"
604,"four chamber stack","2011-08-30 14:16:38"
605,"two chamber stack","2011-08-30 14:16:38"
606,"devices","2011-08-30 14:16:39"
607,"catheters","2011-08-30 14:16:39"
608,"delivery","2011-08-30 14:16:39"
609,"Transseptal","2011-08-30 14:16:39"
610,"Multi-map-RA","2011-08-30 14:16:39"
611,"Transseptal-LA-LV-map","2011-08-30 14:16:39"
612,"Catheter-CS-1","2011-08-30 14:16:39"
613,"Catheter-CS-2","2011-08-30 14:16:39"
614,"Catheter-steerable-CS","2011-08-30 14:16:39"
615,"Sub-select-catheter-lead-vein-1","2011-08-30 14:16:39"
616,"Sub-select-catheter-lead-vein-2","2011-08-30 14:16:39"
617,"diagnostic","2011-08-30 14:16:39"
618,"Quad-pole-RAA","2011-08-30 14:16:39"
619,"Multi-map-IVC","2011-08-30 14:16:39"
620,"Multi-map-Koch","2011-08-30 14:16:39"
621,"Deca-pole-CS","2011-08-30 14:16:39"
622,"Duo-deca-pole-RA","2011-08-30 14:16:39"
623,"Swan-Ganz","2011-08-30 14:16:39"
624,"therapeutic","2011-08-30 14:16:39"
625,"RF-ablate-RA","2011-08-30 14:16:39"
626,"RF-ablate-RA-lesion","2011-08-30 14:16:39"
627,"RA-map-potentials","2011-08-30 14:16:39"
628,"Cryoballoon-RA-LA-LAA","2011-08-30 14:16:39"
629,"Cryocath-RA","2011-08-30 14:16:39"
630,"Cryocath-RA-tug","2011-08-30 14:16:39"
631,"leads","2011-08-30 14:16:39"
632,"defibrillation","2011-08-30 14:16:39"
633,"Tined-Defib-RVA-1","2011-08-30 14:16:39"
634,"Tined-Defib-RVA","2011-08-30 14:16:39"
635,"Active-fix-Defib-RVA-1","2011-08-30 14:16:39"
636,"Active-fix-Defib-RVA-1-flouro","2011-08-30 14:16:39"
637,"Active-fix-Defib-RVA-2","2011-08-30 14:16:39"
638,"Active-fix-Defib-RVA-3","2011-08-30 14:16:39"
639,"Passive-fix-Defib-RVA","2011-08-30 14:16:39"
640,"current site pacing","2011-08-30 14:16:39"
641,"Tined-fixed-RAA","2011-08-30 14:16:39"
642,"Tined-fixed-RAA-fluoro","2011-08-30 14:16:39"
643,"Tined-Chordae-RV","2011-08-30 14:16:39"
644,"Tined-Chordae-RV-fluoro","2011-08-30 14:16:39"
645,"Tined-fixed-RVA","2011-08-30 14:16:39"
646,"Tined-fixed-RVA-fluoro","2011-08-30 14:16:39"
647,"Dislodged-tined-RAA","2011-08-30 14:16:39"
648,"Dislodged-tined-RAA-fluoro","2011-08-30 14:16:39"
649,"Active-fix-RAA-1","2011-08-30 14:16:40"
650,"Active-fix-RAA-1-fluoro","2011-08-30 14:16:40"
651,"Active-fix-RAA-2","2011-08-30 14:16:40"
652,"Active-fix-RVOT-fluoro","2011-08-30 14:16:40"
653,"Active-fix-7F-RAA-1","2011-08-30 14:16:40"
654,"Active-fix-7F-RAA-2","2011-08-30 14:16:40"
655,"Active-fix-7F-RVA-1","2011-08-30 14:16:40"
656,"Active-fix-7F-RVA-2","2011-08-30 14:16:40"
657,"Dislodged-active-fix-RAA","2011-08-30 14:16:40"
658,"Dislodged-active-fix-RAA-fluoro","2011-08-30 14:16:40"
659,"Chronic-implant-RAA","2011-08-30 14:16:40"
660,"Chronic-implants-RVA-RAA","2011-08-30 14:16:40"
661,"Fixed-4F-cath-delivered-RAA","2011-08-30 14:16:40"
662,"Fixed-4F-cath-delivered-RAA-Koch","2011-08-30 14:16:40"
663,"Fixed-4F-cath-delivered-RVA","2011-08-30 14:16:40"
664,"Fixed-cath-delivered-RVA","2011-08-30 14:16:40"
665,"Fixed-lead-catheter-RAA","2011-08-30 14:16:40"
666,"Passive-fix-RAA","2011-08-30 14:16:40"
667,"Left-heart-CS-GCV","2011-08-30 14:16:40"
668,"Left-heart-CS-GCV-fluoro","2011-08-30 14:16:40"
669,"Left-heart-intra-Cvein","2011-08-30 14:16:40"
670,"Left-heart-intra-Cvein-fluoro","2011-08-30 14:16:40"
671,"emerging site pacing","2011-08-30 14:16:40"
672,"Active-fix-His","2011-08-30 14:16:40"
673,"Active-fix-His-fluoro","2011-08-30 14:16:40"
674,"Active-fix-RA-septum","2011-08-30 14:16:40"
675,"Active-fix-RA-Septum-fluoro","2011-08-30 14:16:40"
676,"Active-fix-RVOT","2011-08-30 14:16:40"
677,"Active-fix-RV-low-septum","2011-08-30 14:16:40"
678,"Active-fix-RV-low-septum-fluoro","2011-08-30 14:16:40"
679,"Active-fix-RV-high-septum","2011-08-30 14:16:40"
680,"Active-fix-RV-high-septum-fluoro","2011-08-30 14:16:40"
681,"Fixed-lead-His-RA","2011-08-30 14:16:40"
682,"Fixed-lead-catheter-His-1","2011-08-30 14:16:40"
683,"Fixed-lead-catheter-His-2","2011-08-30 14:16:40"
684,"Fixed-lead-catheter-RV","2011-08-30 14:16:40"
685,"Trans-vein-lead-LV-1","2011-08-30 14:16:40"
686,"Trans-vein-lead-LV-2","2011-08-30 14:16:40"
687,"Trans-vein-lead-LV-3","2011-08-30 14:16:40"
688,"Trans-vein-lead-LV-4","2011-08-30 14:16:40"
689,"Epicardial-lead-lv","2011-08-30 14:16:40"
690,"Epicardial-lead-lv-2","2011-08-30 14:16:40"
691,"Epicardial-lead-helix-lv","2011-08-30 14:16:40"
692,"stents","2011-08-30 14:16:40"
693,"Coronary Stent LAD","2011-08-30 14:16:40"
694,"structural repairs","2011-08-30 14:16:40"
695,"repair procedures","2011-08-30 14:16:40"
696,"Edge to Edge Repair","2011-08-30 14:16:40"
697,"annuloplasty rings","2011-08-30 14:16:40"
698,"Mitral-Annuloplasty-LA","2011-08-30 14:16:40"
699,"valves","2014-09-03 13:48:42"
700,"mechanical","2011-08-30 14:16:40"
701,"Heart0026 Mech-Aortic-Aorta","2011-08-30 14:16:40"
702,"Heart0026 Mech-Aortic-LV","2011-08-30 14:16:40"
703,"Mech-Aortic-LV","2011-08-30 14:16:40"
704,"tissue","2011-08-30 14:16:40"
705,"Melody&trade; Valve Procedure","2011-08-30 14:16:40"
706,"Melody&trade; Valve Deployed","2011-08-30 14:16:40"
707,"Valve Comparison","2011-08-30 14:16:40"
708,"Tissue-Aortic-AA-LV","2011-08-30 14:16:40"
709,"Tissue-Aortic-coronaries","2011-08-30 14:16:40"
710,"Tissue-Aortic-LV","2011-08-30 14:16:40"
711,"comparative imaging","2011-08-30 14:16:41"
712,"Heart0083-ALCAOs","2011-08-30 14:16:41"
713,"Heart0083-ARCAOs-1","2011-08-30 14:16:41"
714,"Heart0083-ARCAOs-2","2011-08-30 14:16:41"
715,"Heart0083-AV","2011-08-30 14:16:41"
716,"Heart0083-LVAx","2011-08-30 14:16:41"
717,"Heart0083-MV","2011-08-30 14:16:41"
718,"Heart0083-RVAx","2011-08-30 14:16:41"
719,"Heart0083-RVOT","2011-08-30 14:16:41"
720,"Heart0083-TriV-1","2011-08-30 14:16:41"
721,"Heart0083-TriV-2","2011-08-30 14:16:41"
722,"Heart0085-AV-1","2011-08-30 14:16:41"
723,"Heart0085-AV-2","2011-08-30 14:16:41"
724,"Heart0085-AV node","2011-08-30 14:16:41"
725,"Heart0085-MV-1","2011-08-30 14:16:41"
726,"Heart0085-MV-2","2011-08-30 14:16:41"
727,"Heart0085-PFO","2011-08-30 14:16:41"
728,"Heart0085-RVOT","2011-08-30 14:16:41"
729,"Heart0120-AV","2011-08-30 14:16:41"
730,"Heart0120-AV Doppler","2011-08-30 14:16:41"
732,"left marginal vein","2011-08-30 00:00:00"
734,"lead extraction","2011-12-08 11:49:24"
735,"Laser_Sheath","2011-12-07 15:45:04"
736,"Mechanical_Cutting_Sheath","2011-12-07 15:45:04"
737,"RF_Sheath","2011-12-07 15:45:04"
738,"Manual_Dislodgement","2011-12-07 15:45:04"
739,"Remaining_encapsulation_from_implant","2011-12-07 15:45:04"
740,"3D modeling","2011-12-08 14:15:19"
741,"Heart0201","2011-12-09 14:27:32"
742,"6944-Defib","2012-01-05 11:51:56"
743,"Heart0171","2012-01-10 08:47:26"
744,"Heart0175","2012-01-10 08:47:26"
745,"Heart0171-abnormal","2012-01-10 08:47:26"
746,"Heart0191","2012-01-10 08:47:26"
747,"Heart0191-1","2012-01-10 08:47:26"
748,"Heart0175-1","2012-01-10 08:47:26"
749,"Heart0175-2","2012-01-10 08:47:26"
750,"Heart0191-2","2012-01-10 08:47:26"
751,"Heart0191-ThV","2012-01-10 08:47:26"
752,"Heart0171-Anterior","2012-01-10 08:47:28"
753,"Heart0175-Anterior","2012-01-10 08:47:28"
754,"Heart0191-Anterior","2012-01-10 08:47:28"
755,"Heart0191-Anterior-Posterior","2012-01-10 08:47:28"
756,"Heart0171-Posterior","2012-01-10 08:47:28"
757,"Heart0175-Posterior","2012-01-10 08:47:28"
758,"Heart0171-Septal","2012-01-10 08:47:28"
759,"Heart0175-Septal","2012-01-10 08:47:28"
760,"Heart0191-Posterior-Anterior","2012-01-10 08:47:28"
761,"Heart0191-Papilary","2012-01-10 08:47:28"
762,"Heart0191-Posterior","2012-01-10 08:47:30"
763,"Heart0191-Posterior-Mitral","2012-01-10 08:47:30"
764,"Heart0171-Left","2012-01-10 08:47:30"
765,"Heart0171-Right","2012-01-10 08:47:30"
766,"Heart0175-Left","2012-01-10 08:47:30"
767,"Heart0175-Right","2012-01-10 08:47:30"
768,"Heart0191-Left","2012-01-10 08:47:30"
769,"Heart0191-Right-Left","2012-01-10 08:47:30"
770,"Heart0191-Right","2012-01-10 08:47:30"
771,"Heart0106-2","2012-01-12 16:31:14"
772,"Heart0193","2012-01-12 16:31:14"
773,"Heart0195","2012-01-12 16:31:14"
774,"Heart0196","2012-01-12 16:31:14"
775,"Heart0197","2012-01-12 16:31:14"
776,"Heart0198","2012-01-12 16:31:14"
777,"Heart0199","2012-01-12 16:31:14"
778,"Heart0206","2012-01-12 16:31:14"
779,"Heart0106","2012-01-12 16:31:14"
780,"Heart0197-1","2012-01-12 16:31:17"
781,"Heart0198-1","2012-01-12 16:31:17"
782,"Heart0199-1","2012-01-12 16:31:17"
783,"Heart0197-2","2012-01-12 16:31:17"
784,"Heart0198-2","2012-01-12 16:31:17"
785,"Heart0199-2","2012-01-12 16:31:17"
786,"Heart0196-1","2012-01-12 16:31:17"
787,"Heart0196-2","2012-01-12 16:31:17"
788,"Heart0193-Left","2012-01-12 16:31:17"
789,"Heart0106-1","2012-01-12 16:31:17"
790,"coronary vasculature models","2012-07-25 10:10:44"
791,"cardiac veins and coronary arteries","2012-07-25 10:11:29"
792,"tissue models","2012-07-25 10:12:37"
793,"left anterior descending artery","2012-09-05 15:17:13"
794,"pediatric","2012-07-25 10:58:58"
795,"blood volume models","2012-07-25 10:58:42"
796,"hypertrophic","2012-07-25 10:12:37"
797,"dilated cardiomyopathy","2012-07-25 10:12:37"
798,"normal","2012-07-25 10:12:37"
799,"Heart0216","2012-08-09 18:43:14"
800,"Provisional Stenting","2012-08-15 11:07:55"
801,"Heart0036","2012-09-19 16:35:23"
802,"Heart0099","2012-09-19 16:37:38"
803,"Heart0103","2012-09-19 16:38:19"
804,"Heart0170","2012-09-19 16:39:17"
805,"Heart0188","2012-09-19 16:40:58"
806,"Heart0183","2012-09-19 16:41:28"
807,"Heart0178","2012-09-19 16:41:58"
808,"Heart0172","2012-09-19 16:42:23"
809,"Stent-Implantation","2012-10-02 14:53:49"
810,"circumflex artery","2012-11-02 13:56:19"
811,"Heart0079","2012-11-27 12:44:27"
812,"Heart0087","2012-11-27 12:47:02"
813,"Heart0104","2012-11-27 12:47:41"
814,"Heart0128","2012-11-27 12:48:04"
815,"Heart0105","2012-12-04 16:43:40"
816,"Heart0122","2012-12-04 16:43:40"
817,"Heart0012","2012-12-11 14:54:57"
818,"Heart0219","2012-12-13 14:27:42"
819,"Heart0100","2013-01-09 15:07:16"
820,"Heart0194","2013-01-10 11:35:24"
821,"Heart0268","2013-03-05 16:38:32"
822,"venogram","2013-03-19 12:50:45"
823,"Heart0098","2013-05-07 13:18:13"
824,"Heart0127","2013-05-07 13:18:45"
832,"Heart0159","2013-05-09 15:46:15"
833,"Heart0177","2013-05-09 15:46:15"
834,"Heart0180","2013-05-09 15:46:15"
835,"Heart0202","2013-05-09 15:46:15"
836,"Heart0210","2013-05-09 15:46:15"
837,"Heart0225","2013-05-09 15:46:15"
838,"distal pulmonary branches","2013-06-26 11:13:56"
839,"Heart0284","2013-06-26 12:12:01"
840,"Heart0115","2013-07-03 14:06:00"
841,"Heart0164","2013-07-03 14:06:00"
842,"Heart0165","2013-07-03 14:06:00"
843,"Heart0211","2013-07-03 14:06:00"
844,"Heart0229","2013-07-03 14:06:00"
845,"Culotte Technique","2013-10-03 13:01:46"
846,"Heart0295","2013-11-12 13:04:29"
847,"pulmonary vein distal pulmonary branches","2013-11-12 13:16:22"
848,"Heart0237","2013-11-21 16:54:03"
849,"Heart0241","2013-11-21 16:54:03"
850,"Heart0248","2013-11-21 16:54:03"
851,"Heart0251","2013-11-21 16:54:03"
852,"Heart0255","2013-11-21 16:54:03"
853,"Heart0256","2013-11-21 16:54:03"
854,"Heart0259","2013-11-21 16:54:03"
855,"Heart0261","2013-11-21 16:54:03"
856,"Heart0274","2013-11-21 16:54:03"
857,"free wall","2014-07-22 12:00:52"
858,"Heart0235","2014-09-25 14:34:01"
859,"Heart0222","2015-05-26 14:02:42"
860,"Heart0271","2015-06-15 16:41:31"
861,"Heart0291","2015-06-16 14:32:21"
862,"Heart0317","2015-06-16 16:51:08"
863,"ecg","2015-07-16 16:39:11"
864,"Heart0215","2015-08-04 18:13:28"
